timestamp, index, utilization.gpu [%], utilization.memory [%], memory.used [MiB], power.draw [W]
2026/06/01 19:11:23.948, 0, 0 %, 0 %, 166 MiB, 33.83 W
2026/06/01 19:11:23.948, 1, 0 %, 0 %, 18 MiB, 29.17 W
2026/06/01 19:11:24.949, 0, 0 %, 0 %, 166 MiB, 33.83 W
2026/06/01 19:11:24.950, 1, 0 %, 0 %, 18 MiB, 29.16 W
2026/06/01 19:11:25.950, 0, 0 %, 0 %, 562 MiB, 49.09 W
2026/06/01 19:11:25.951, 1, 0 %, 0 %, 18 MiB, 29.13 W
2026/06/01 19:11:26.952, 0, 6 %, 0 %, 688 MiB, 77.49 W
2026/06/01 19:11:26.953, 1, 0 %, 0 %, 18 MiB, 29.18 W
2026/06/01 19:11:27.953, 0, 6 %, 0 %, 688 MiB, 79.94 W
2026/06/01 19:11:27.954, 1, 0 %, 0 %, 18 MiB, 29.09 W
2026/06/01 19:11:28.954, 0, 6 %, 0 %, 688 MiB, 81.33 W
2026/06/01 19:11:28.955, 1, 0 %, 0 %, 18 MiB, 28.95 W
2026/06/01 19:11:29.957, 0, 7 %, 0 %, 688 MiB, 81.12 W
2026/06/01 19:11:29.957, 1, 0 %, 0 %, 18 MiB, 28.70 W
2026/06/01 19:11:30.958, 0, 7 %, 0 %, 688 MiB, 81.21 W
2026/06/01 19:11:30.959, 1, 0 %, 0 %, 18 MiB, 28.66 W
2026/06/01 19:11:31.960, 0, 6 %, 0 %, 688 MiB, 81.15 W
2026/06/01 19:11:31.961, 1, 0 %, 0 %, 18 MiB, 28.86 W
2026/06/01 19:11:32.961, 0, 7 %, 0 %, 688 MiB, 81.34 W
2026/06/01 19:11:32.962, 1, 0 %, 0 %, 18 MiB, 28.93 W
2026/06/01 19:11:33.963, 0, 6 %, 0 %, 688 MiB, 80.89 W
2026/06/01 19:11:33.963, 1, 0 %, 0 %, 18 MiB, 28.86 W
2026/06/01 19:11:34.964, 0, 6 %, 0 %, 688 MiB, 82.05 W
2026/06/01 19:11:34.965, 1, 0 %, 0 %, 18 MiB, 28.89 W
2026/06/01 19:11:35.966, 0, 7 %, 0 %, 688 MiB, 82.24 W
2026/06/01 19:11:35.967, 1, 0 %, 0 %, 18 MiB, 28.84 W
2026/06/01 19:11:36.967, 0, 6 %, 0 %, 688 MiB, 82.04 W
2026/06/01 19:11:36.968, 1, 0 %, 0 %, 18 MiB, 28.87 W
2026/06/01 19:11:37.969, 0, 6 %, 0 %, 688 MiB, 81.41 W
2026/06/01 19:11:37.969, 1, 0 %, 0 %, 18 MiB, 28.88 W
2026/06/01 19:11:38.970, 0, 7 %, 0 %, 688 MiB, 82.01 W
2026/06/01 19:11:38.971, 1, 0 %, 0 %, 18 MiB, 28.81 W
2026/06/01 19:11:39.971, 0, 3 %, 0 %, 688 MiB, 81.53 W
2026/06/01 19:11:39.972, 1, 0 %, 0 %, 18 MiB, 28.77 W
2026/06/01 19:11:40.973, 0, 7 %, 0 %, 688 MiB, 82.25 W
2026/06/01 19:11:40.974, 1, 0 %, 0 %, 18 MiB, 28.81 W
2026/06/01 19:11:41.974, 0, 7 %, 0 %, 688 MiB, 82.15 W
2026/06/01 19:11:41.975, 1, 0 %, 0 %, 18 MiB, 28.82 W
2026/06/01 19:11:42.975, 0, 6 %, 0 %, 688 MiB, 81.94 W
2026/06/01 19:11:42.976, 1, 0 %, 0 %, 18 MiB, 28.85 W
2026/06/01 19:11:43.977, 0, 7 %, 0 %, 688 MiB, 82.36 W
2026/06/01 19:11:43.977, 1, 0 %, 0 %, 18 MiB, 28.86 W
2026/06/01 19:11:44.978, 0, 6 %, 0 %, 688 MiB, 82.15 W
2026/06/01 19:11:44.979, 1, 0 %, 0 %, 18 MiB, 29.01 W
2026/06/01 19:11:45.979, 0, 7 %, 0 %, 688 MiB, 82.53 W
2026/06/01 19:11:45.980, 1, 0 %, 0 %, 18 MiB, 28.84 W
2026/06/01 19:11:46.981, 0, 7 %, 0 %, 688 MiB, 81.13 W
2026/06/01 19:11:46.982, 1, 0 %, 0 %, 18 MiB, 29.07 W
2026/06/01 19:11:47.982, 0, 6 %, 0 %, 688 MiB, 82.24 W
2026/06/01 19:11:47.983, 1, 0 %, 0 %, 18 MiB, 29.03 W
2026/06/01 19:11:48.984, 0, 7 %, 0 %, 688 MiB, 82.22 W
2026/06/01 19:11:48.985, 1, 0 %, 0 %, 18 MiB, 28.77 W
2026/06/01 19:11:49.985, 0, 4 %, 0 %, 688 MiB, 81.31 W
2026/06/01 19:11:49.986, 1, 0 %, 0 %, 18 MiB, 28.75 W
2026/06/01 19:11:50.987, 0, 6 %, 0 %, 688 MiB, 81.77 W
2026/06/01 19:11:50.988, 1, 0 %, 0 %, 18 MiB, 28.88 W
2026/06/01 19:11:51.989, 0, 6 %, 0 %, 688 MiB, 82.28 W
2026/06/01 19:11:51.989, 1, 0 %, 0 %, 18 MiB, 28.81 W
2026/06/01 19:11:52.990, 0, 7 %, 0 %, 688 MiB, 81.12 W
2026/06/01 19:11:52.991, 1, 0 %, 0 %, 18 MiB, 29.01 W
2026/06/01 19:11:53.991, 0, 7 %, 0 %, 688 MiB, 82.12 W
2026/06/01 19:11:53.992, 1, 0 %, 0 %, 18 MiB, 28.89 W
2026/06/01 19:11:54.993, 0, 6 %, 0 %, 688 MiB, 81.95 W
2026/06/01 19:11:54.993, 1, 0 %, 0 %, 18 MiB, 28.89 W
2026/06/01 19:11:55.994, 0, 7 %, 0 %, 688 MiB, 82.27 W
2026/06/01 19:11:55.995, 1, 0 %, 0 %, 18 MiB, 28.94 W
2026/06/01 19:11:56.996, 0, 6 %, 0 %, 688 MiB, 82.15 W
2026/06/01 19:11:56.996, 1, 0 %, 0 %, 18 MiB, 29.04 W
2026/06/01 19:11:57.997, 0, 7 %, 0 %, 688 MiB, 82.28 W
2026/06/01 19:11:58.002, 1, 0 %, 0 %, 18 MiB, 29.03 W
2026/06/01 19:11:59.003, 0, 5 %, 0 %, 688 MiB, 81.35 W
2026/06/01 19:11:59.004, 1, 0 %, 0 %, 18 MiB, 29.09 W
2026/06/01 19:12:00.004, 0, 7 %, 0 %, 688 MiB, 82.62 W
2026/06/01 19:12:00.006, 1, 0 %, 0 %, 18 MiB, 28.87 W
2026/06/01 19:12:01.007, 0, 6 %, 0 %, 688 MiB, 82.25 W
2026/06/01 19:12:01.008, 1, 0 %, 0 %, 18 MiB, 29.05 W
2026/06/01 19:12:02.008, 0, 7 %, 0 %, 688 MiB, 82.40 W
2026/06/01 19:12:02.009, 1, 0 %, 0 %, 18 MiB, 28.94 W
2026/06/01 19:12:03.009, 0, 7 %, 0 %, 688 MiB, 81.21 W
2026/06/01 19:12:03.010, 1, 0 %, 0 %, 18 MiB, 28.93 W
2026/06/01 19:12:04.011, 0, 6 %, 0 %, 688 MiB, 82.60 W
2026/06/01 19:12:04.011, 1, 0 %, 0 %, 18 MiB, 28.93 W
2026/06/01 19:12:05.012, 0, 5 %, 0 %, 688 MiB, 81.63 W
2026/06/01 19:12:05.012, 1, 0 %, 0 %, 18 MiB, 29.05 W
2026/06/01 19:12:06.013, 0, 0 %, 0 %, 688 MiB, 79.36 W
2026/06/01 19:12:06.014, 1, 0 %, 0 %, 18 MiB, 28.69 W
2026/06/01 19:12:07.015, 0, 0 %, 0 %, 688 MiB, 75.15 W
2026/06/01 19:12:07.015, 1, 0 %, 0 %, 18 MiB, 29.55 W
2026/06/01 19:12:08.016, 0, 3 %, 0 %, 880 MiB, 75.76 W
2026/06/01 19:12:08.017, 1, 0 %, 0 %, 28 MiB, 56.22 W
2026/06/01 19:12:09.017, 0, 3 %, 0 %, 880 MiB, 75.29 W
2026/06/01 19:12:09.018, 1, 0 %, 0 %, 28 MiB, 68.44 W
2026/06/01 19:12:10.019, 0, 3 %, 0 %, 880 MiB, 76.05 W
2026/06/01 19:12:10.019, 1, 0 %, 0 %, 28 MiB, 68.48 W
2026/06/01 19:12:11.020, 0, 2 %, 0 %, 880 MiB, 74.87 W
2026/06/01 19:12:11.021, 1, 0 %, 0 %, 28 MiB, 68.54 W
2026/06/01 19:12:12.021, 0, 3 %, 0 %, 880 MiB, 75.52 W
2026/06/01 19:12:12.022, 1, 0 %, 0 %, 28 MiB, 43.65 W
2026/06/01 19:12:13.023, 0, 3 %, 0 %, 880 MiB, 75.49 W
2026/06/01 19:12:13.024, 1, 0 %, 0 %, 28 MiB, 30.33 W
2026/06/01 19:12:14.025, 0, 1 %, 0 %, 880 MiB, 75.91 W
2026/06/01 19:12:14.025, 1, 0 %, 0 %, 28 MiB, 29.08 W
2026/06/01 19:12:15.026, 0, 0 %, 0 %, 880 MiB, 75.07 W
2026/06/01 19:12:15.027, 1, 0 %, 0 %, 28 MiB, 29.19 W
